source,frame,detect_id,type,score,x,y,w,h,point_00,point_00_x,point_00_y,point_01,point_01_x,point_01_y,point_02,point_02_x,point_02_y,point_03,point_03_x,point_03_y,point_04,point_04_x,point_04_y
/mnt/FHWA_Data/WestDataChallenge/BucketsWithAction/Easy/T002_ActionsShorter_mini_3239_3347_Use-Radio-or-Gadget.mp4,1,0,FACE_0,0.9994551539421082,172.80914306640625,61.66130065917969,136.21499633789062,194.2329559326172,point_00,207.428466796875,137.45681762695312,point_01,272.513671875,133.91842651367188,point_02,242.201171875,174.1705780029297,point_03,219.29360961914062,210.92105102539062,point_04,269.9665832519531,207.8305206298828
/mnt/FHWA_Data/WestDataChallenge/BucketsWithAction/Easy/T002_ActionsShorter_mini_3239_3347_Use-Radio-or-Gadget.mp4,2,0,FACE_0,0.9994617104530334,172.86451721191406,61.74530792236328,136.2017059326172,194.1356201171875,point_00,207.44781494140625,137.5157470703125,point_01,272.48358154296875,133.87095642089844,point_02,242.1804962158203,174.15029907226562,point_03,219.41297912597656,210.97996520996094,point_04,270.010986328125,207.8062286376953
/mnt/FHWA_Data/WestDataChallenge/BucketsWithAction/Easy/T002_ActionsShorter_mini_3239_3347_Use-Radio-or-Gadget.mp4,3,0,FACE_0,0.9994577765464783,172.9392547607422,61.61308288574219,136.1564483642578,194.4484100341797,point_00,207.46063232421875,137.411865234375,point_01,272.55377197265625,133.70867919921875,point_02,242.27284240722656,174.16748046875,point_03,219.44125366210938,210.98489379882812,point_04,270.2801208496094,207.7618865966797
/mnt/FHWA_Data/WestDataChallenge/BucketsWithAction/Easy/T002_ActionsShorter_mini_3239_3347_Use-Radio-or-Gadget.mp4,4,0,FACE_0,0.999459445476532,173.12179565429688,61.88059997558594,136.06259155273438,194.10128784179688,point_00,207.41412353515625,137.51962280273438,point_01,272.35015869140625,133.73634338378906,point_02,241.97727966308594,174.10360717773438,point_03,219.46971130371094,211.02078247070312,point_04,270.08160400390625,207.747802734375
/mnt/FHWA_Data/WestDataChallenge/BucketsWithAction/Easy/T002_ActionsShorter_mini_3239_3347_Use-Radio-or-Gadget.mp4,5,0,FACE_0,0.999453604221344,173.12892150878906,61.80743408203125,136.01805114746094,194.26776123046875,point_00,207.49789428710938,137.53472900390625,point_01,272.4603271484375,133.75265502929688,point_02,242.13694763183594,174.0915985107422,point_03,219.54315185546875,211.07049560546875,point_04,270.1669006347656,207.7956085205078
/mnt/FHWA_Data/WestDataChallenge/BucketsWithAction/Easy/T002_ActionsShorter_mini_3239_3347_Use-Radio-or-Gadget.mp4,6,0,FACE_0,0.9994614720344543,173.12911987304688,61.77033233642578,136.05841064453125,194.33612060546875,point_00,207.50392150878906,137.49612426757812,point_01,272.457763671875,133.79440307617188,point_02,242.15586853027344,174.15667724609375,point_03,219.40370178222656,210.80490112304688,point_04,270.3287048339844,207.5852508544922
/mnt/FHWA_Data/WestDataChallenge/BucketsWithAction/Easy/T002_ActionsShorter_mini_3239_3347_Use-Radio-or-Gadget.mp4,7,0,FACE_0,0.9994768500328064,173.17178344726562,62.04718780517578,135.89794921875,194.21591186523438,point_00,207.46145629882812,137.52423095703125,point_01,272.3839111328125,133.8824920654297,point_02,242.02151489257812,174.0228729248047,point_03,219.13157653808594,210.7117462158203,point_04,270.31719970703125,207.53335571289062
/mnt/FHWA_Data/WestDataChallenge/BucketsWithAction/Easy/T002_ActionsShorter_mini_3239_3347_Use-Radio-or-Gadget.mp4,8,0,FACE_0,0.999472439289093,173.25552368164062,61.93679428100586,135.78677368164062,194.56112670898438,point_00,207.515869140625,137.517822265625,point_01,272.46734619140625,133.83575439453125,point_02,242.12460327148438,173.95301818847656,point_03,219.1881103515625,210.81124877929688,point_04,270.4378662109375,207.59523010253906
/mnt/FHWA_Data/WestDataChallenge/BucketsWithAction/Easy/T002_ActionsShorter_mini_3239_3347_Use-Radio-or-Gadget.mp4,9,0,FACE_0,0.9994634985923767,173.39047241210938,61.90793228149414,135.70306396484375,194.5758056640625,point_00,207.5886688232422,137.68536376953125,point_01,272.5072021484375,133.91940307617188,point_02,242.20420837402344,174.02587890625,point_03,219.4596405029297,211.04315185546875,point_04,270.4305114746094,207.76390075683594
/mnt/FHWA_Data/WestDataChallenge/BucketsWithAction/Easy/T002_ActionsShorter_mini_3239_3347_Use-Radio-or-Gadget.mp4,10,0,FACE_0,0.9994544386863708,172.67727661132812,61.97090148925781,136.26388549804688,194.38279724121094,point_00,207.3677215576172,137.84426879882812,point_01,272.5240783691406,133.85032653808594,point_02,242.48104858398438,173.8475799560547,point_03,219.5730743408203,211.3571319580078,point_04,270.3486022949219,207.89279174804688
/mnt/FHWA_Data/WestDataChallenge/BucketsWithAction/Easy/T002_ActionsShorter_mini_3239_3347_Use-Radio-or-Gadget.mp4,11,0,FACE_0,0.9994519352912903,172.6940460205078,61.873451232910156,136.28321838378906,194.63455200195312,point_00,207.34970092773438,137.90354919433594,point_01,272.4438171386719,133.88833618164062,point_02,242.3633575439453,173.8513641357422,point_03,219.50682067871094,211.3950958251953,point_04,270.29052734375,207.92144775390625
/mnt/FHWA_Data/WestDataChallenge/BucketsWithAction/Easy/T002_ActionsShorter_mini_3239_3347_Use-Radio-or-Gadget.mp4,12,0,FACE_0,0.9994646906852722,172.81869506835938,61.96871566772461,136.18624877929688,194.52767944335938,point_00,207.47877502441406,137.88137817382812,point_01,272.43341064453125,133.8896942138672,point_02,242.4091339111328,173.9288330078125,point_03,219.64466857910156,211.32968139648438,point_04,270.3199462890625,207.87188720703125
/mnt/FHWA_Data/WestDataChallenge/BucketsWithAction/Easy/T002_ActionsShorter_mini_3239_3347_Use-Radio-or-Gadget.mp4,13,0,FACE_0,0.999466598033905,172.77825927734375,62.04194641113281,136.322509765625,194.23997497558594,point_00,207.49700927734375,137.86012268066406,point_01,272.47747802734375,133.89120483398438,point_02,242.43089294433594,173.97315979003906,point_03,219.670654296875,211.24757385253906,point_04,270.32354736328125,207.8094024658203
/mnt/FHWA_Data/WestDataChallenge/BucketsWithAction/Easy/T002_ActionsShorter_mini_3239_3347_Use-Radio-or-Gadget.mp4,14,0,FACE_0,0.9994695782661438,172.9031982421875,61.918365478515625,136.13162231445312,194.38601684570312,point_00,207.5709228515625,137.8764190673828,point_01,272.43194580078125,133.9410400390625,point_02,242.3879852294922,173.9033660888672,point_03,219.66546630859375,211.1998291015625,point_04,270.23431396484375,207.79345703125
/mnt/FHWA_Data/WestDataChallenge/BucketsWithAction/Easy/T002_ActionsShorter_mini_3239_3347_Use-Radio-or-Gadget.mp4,15,0,FACE_0,0.9994707703590393,172.82398986816406,61.97480392456055,136.22239685058594,193.97024536132812,point_00,207.50965881347656,137.90618896484375,point_01,272.4242248535156,133.91900634765625,point_02,242.39242553710938,173.88548278808594,point_03,219.66561889648438,211.0501708984375,point_04,270.31787109375,207.59686279296875
/mnt/FHWA_Data/WestDataChallenge/BucketsWithAction/Easy/T002_ActionsShorter_mini_3239_3347_Use-Radio-or-Gadget.mp4,16,0,FACE_0,0.9994731545448303,172.78329467773438,62.04475784301758,136.27764892578125,193.8481903076172,point_00,207.50460815429688,137.889892578125,point_01,272.4457092285156,133.8995361328125,point_02,242.43199157714844,173.95880126953125,point_03,219.6829833984375,211.05450439453125,point_04,270.35687255859375,207.59983825683594
/mnt/FHWA_Data/WestDataChallenge/BucketsWithAction/Easy/T002_ActionsShorter_mini_3239_3347_Use-Radio-or-Gadget.mp4,17,0,FACE_0,0.9994742274284363,172.7780303955078,62.119468688964844,136.40101623535156,193.81582641601562,point_00,207.4371795654297,137.98768615722656,point_01,272.4150390625,133.9806671142578,point_02,242.29551696777344,173.9501190185547,point_03,219.58175659179688,211.05833435058594,point_04,270.36602783203125,207.59213256835938
/mnt/FHWA_Data/WestDataChallenge/BucketsWithAction/Easy/T002_ActionsShorter_mini_3239_3347_Use-Radio-or-Gadget.mp4,18,0,FACE_0,0.9994845390319824,172.8629913330078,62.05271911621094,136.21849060058594,194.01222229003906,point_00,207.481201171875,137.9678955078125,point_01,272.4410400390625,133.98165893554688,point_02,242.3614501953125,174.01377868652344,point_03,219.60142517089844,211.08978271484375,point_04,270.4252014160156,207.63600158691406
/mnt/FHWA_Data/WestDataChallenge/BucketsWithAction/Easy/T002_ActionsShorter_mini_3239_3347_Use-Radio-or-Gadget.mp4,19,0,FACE_0,0.9994768500328064,172.84817504882812,61.919437408447266,136.44622802734375,194.0343017578125,point_00,207.47329711914062,137.841552734375,point_01,272.5108337402344,133.89280700683594,point_02,242.33453369140625,174.1530303955078,point_03,219.63478088378906,211.09185791015625,point_04,270.397705078125,207.67706298828125
/mnt/FHWA_Data/WestDataChallenge/BucketsWithAction/Easy/T002_ActionsShorter_mini_3239_3347_Use-Radio-or-Gadget.mp4,20,0,FACE_0,0.9994999170303345,173.40159606933594,62.05780792236328,135.9279022216797,194.08010864257812,point_00,207.7801055908203,137.62124633789062,point_01,272.4122314453125,133.69354248046875,point_02,242.3756561279297,174.30657958984375,point_03,220.01162719726562,210.94558715820312,point_04,270.428466796875,207.54693603515625
/mnt/FHWA_Data/WestDataChallenge/BucketsWithAction/Easy/T002_ActionsShorter_mini_3239_3347_Use-Radio-or-Gadget.mp4,21,0,FACE_0,0.9995089769363403,173.23069763183594,62.29958724975586,136.11781311035156,193.63446044921875,point_00,207.96163940429688,137.67567443847656,point_01,272.52435302734375,133.76498413085938,point_02,242.7373046875,174.26803588867188,point_03,220.2153778076172,210.73663330078125,point_04,270.53607177734375,207.33106994628906
/mnt/FHWA_Data/WestDataChallenge/BucketsWithAction/Easy/T002_ActionsShorter_mini_3239_3347_Use-Radio-or-Gadget.mp4,22,0,FACE_0,0.9995056390762329,173.59954833984375,62.10098648071289,135.76583862304688,194.21142578125,point_00,208.10726928710938,137.5,point_01,272.7516784667969,133.89935302734375,point_02,242.64251708984375,174.48597717285156,point_03,220.04493713378906,210.98696899414062,point_04,270.4597473144531,207.85081481933594
/mnt/FHWA_Data/WestDataChallenge/BucketsWithAction/Easy/T002_ActionsShorter_mini_3239_3347_Use-Radio-or-Gadget.mp4,23,0,FACE_0,0.9995036125183105,173.7218017578125,62.26129913330078,135.71920776367188,194.89508056640625,point_00,208.18113708496094,137.98094177246094,point_01,272.7590637207031,134.0160369873047,point_02,242.8589630126953,174.77833557128906,point_03,220.33428955078125,211.49569702148438,point_04,270.98455810546875,208.04568481445312
/mnt/FHWA_Data/WestDataChallenge/BucketsWithAction/Easy/T002_ActionsShorter_mini_3239_3347_Use-Radio-or-Gadget.mp4,24,0,FACE_0,0.9994544386863708,173.88665771484375,62.25471878051758,135.75686645507812,195.33445739746094,point_00,208.6968536376953,138.9698486328125,point_01,273.8499755859375,135.7772979736328,point_02,243.39956665039062,175.01885986328125,point_03,219.71011352539062,211.53672790527344,point_04,271.265625,208.69558715820312
/mnt/FHWA_Data/WestDataChallenge/BucketsWithAction/Easy/T002_ActionsShorter_mini_3239_3347_Use-Radio-or-Gadget.mp4,25,0,FACE_0,0.9994621872901917,173.7956085205078,62.683837890625,135.99790954589844,194.81539916992188,point_00,208.70095825195312,138.8685302734375,point_01,273.87213134765625,135.85208129882812,point_02,243.35382080078125,175.3621826171875,point_03,219.79165649414062,211.72555541992188,point_04,270.9442138671875,209.04495239257812
/mnt/FHWA_Data/WestDataChallenge/BucketsWithAction/Easy/T002_ActionsShorter_mini_3239_3347_Use-Radio-or-Gadget.mp4,26,0,FACE_0,0.9994683861732483,173.66256713867188,62.684959411621094,136.38009643554688,194.81878662109375,point_00,208.15914916992188,139.21835327148438,point_01,273.5560302734375,135.7082977294922,point_02,242.994140625,175.56338500976562,point_03,219.8614959716797,212.00762939453125,point_04,271.1276550292969,208.91336059570312
/mnt/FHWA_Data/WestDataChallenge/BucketsWithAction/Easy/T002_ActionsShorter_mini_3239_3347_Use-Radio-or-Gadget.mp4,27,0,FACE_0,0.9994747042655945,173.7268524169922,63.41355895996094,136.7150115966797,194.79710388183594,point_00,208.231201171875,139.63760375976562,point_01,273.77392578125,135.87767028808594,point_02,243.3779296875,176.38436889648438,point_03,220.26751708984375,212.56423950195312,point_04,271.74755859375,209.24835205078125
/mnt/FHWA_Data/WestDataChallenge/BucketsWithAction/Easy/T002_ActionsShorter_mini_3239_3347_Use-Radio-or-Gadget.mp4,28,0,FACE_0,0.9994799494743347,173.96826171875,64.07389831542969,136.74224853515625,194.0303497314453,point_00,208.02212524414062,140.00436401367188,point_01,273.7063293457031,136.10337829589844,point_02,242.93405151367188,175.91488647460938,point_03,220.14646911621094,212.71136474609375,point_04,271.6945495605469,209.2790985107422
/mnt/FHWA_Data/WestDataChallenge/BucketsWithAction/Easy/T002_ActionsShorter_mini_3239_3347_Use-Radio-or-Gadget.mp4,29,0,FACE_0,0.9995079040527344,173.75367736816406,64.11320495605469,137.04014587402344,194.6869659423828,point_00,207.26547241210938,139.9733123779297,point_01,273.16900634765625,135.8938446044922,point_02,242.0706787109375,176.22775268554688,point_03,219.43777465820312,212.82176208496094,point_04,271.6665954589844,209.22018432617188
/mnt/FHWA_Data/WestDataChallenge/BucketsWithAction/Easy/T002_ActionsShorter_mini_3239_3347_Use-Radio-or-Gadget.mp4,30,0,FACE_0,0.9995249509811401,173.98974609375,64.54347229003906,137.06094360351562,193.8512420654297,point_00,207.55599975585938,140.05355834960938,point_01,273.16815185546875,136.2196044921875,point_02,241.91073608398438,175.95553588867188,point_03,219.43052673339844,212.56936645507812,point_04,271.2508239746094,209.18771362304688
/mnt/FHWA_Data/WestDataChallenge/BucketsWithAction/Easy/T002_ActionsShorter_mini_3239_3347_Use-Radio-or-Gadget.mp4,31,0,FACE_0,0.9995207786560059,173.98690795898438,64.07487487792969,137.24798583984375,194.6175079345703,point_00,207.3214874267578,139.91111755371094,point_01,273.2207336425781,136.22354125976562,point_02,241.54092407226562,175.83163452148438,point_03,218.97003173828125,212.62489318847656,point_04,271.09979248046875,209.3766326904297
/mnt/FHWA_Data/WestDataChallenge/BucketsWithAction/Easy/T002_ActionsShorter_mini_3239_3347_Use-Radio-or-Gadget.mp4,32,0,FACE_0,0.99953293800354,174.33697509765625,64.36589050292969,137.39605712890625,194.84092712402344,point_00,207.43402099609375,139.75502014160156,point_01,273.46484375,136.3050994873047,point_02,241.44969177246094,176.44146728515625,point_03,218.9387969970703,212.9173126220703,point_04,271.1962890625,209.86886596679688
/mnt/FHWA_Data/WestDataChallenge/BucketsWithAction/Easy/T002_ActionsShorter_mini_3239_3347_Use-Radio-or-Gadget.mp4,33,0,FACE_0,0.9995317459106445,174.7238006591797,64.5351791381836,137.40016174316406,194.40438842773438,point_00,207.41502380371094,139.75863647460938,point_01,273.5814208984375,136.65362548828125,point_02,240.97604370117188,176.62799072265625,point_03,218.59141540527344,212.77178955078125,point_04,270.9823303222656,210.01495361328125
/mnt/FHWA_Data/WestDataChallenge/BucketsWithAction/Easy/T002_ActionsShorter_mini_3239_3347_Use-Radio-or-Gadget.mp4,34,0,FACE_0,0.9995089769363403,175.38917541503906,62.92741775512695,136.8660430908203,195.49131774902344,point_00,207.91075134277344,139.58612060546875,point_01,273.7000732421875,136.80145263671875,point_02,241.0374298095703,176.79832458496094,point_03,219.13587951660156,212.80746459960938,point_04,270.5654296875,210.3657989501953
/mnt/FHWA_Data/WestDataChallenge/BucketsWithAction/Easy/T002_ActionsShorter_mini_3239_3347_Use-Radio-or-Gadget.mp4,35,0,FACE_0,0.9995067119598389,175.7097625732422,63.04801940917969,137.2560272216797,195.5813446044922,point_00,207.98194885253906,139.4618377685547,point_01,273.92999267578125,136.98397827148438,point_02,240.75921630859375,176.9450225830078,point_03,218.73204040527344,212.54896545410156,point_04,270.668701171875,210.3623046875
/mnt/FHWA_Data/WestDataChallenge/BucketsWithAction/Easy/T002_ActionsShorter_mini_3239_3347_Use-Radio-or-Gadget.mp4,36,0,FACE_0,0.999517560005188,176.47354125976562,63.413795471191406,137.18167114257812,195.78036499023438,point_00,208.81182861328125,138.98196411132812,point_01,274.88006591796875,137.02532958984375,point_02,241.27471923828125,176.7924041748047,point_03,218.71377563476562,212.16525268554688,point_04,271.1939697265625,210.39700317382812
/mnt/FHWA_Data/WestDataChallenge/BucketsWithAction/Easy/T002_ActionsShorter_mini_3239_3347_Use-Radio-or-Gadget.mp4,37,0,FACE_0,0.9995027780532837,177.66578674316406,63.27901840209961,137.00010681152344,195.43185424804688,point_00,209.3621368408203,138.9168701171875,point_01,275.30157470703125,137.43197631835938,point_02,241.06336975097656,177.14407348632812,point_03,218.9741668701172,212.01052856445312,point_04,271.0195007324219,210.65869140625
/mnt/FHWA_Data/WestDataChallenge/BucketsWithAction/Easy/T002_ActionsShorter_mini_3239_3347_Use-Radio-or-Gadget.mp4,38,0,FACE_0,0.9995173215866089,178.9602508544922,62.819358825683594,136.83741760253906,195.84588623046875,point_00,210.12860107421875,138.74024963378906,point_01,276.0006103515625,137.25784301757812,point_02,241.58203125,177.5546417236328,point_03,219.94924926757812,212.12747192382812,point_04,271.6929016113281,210.7939910888672
/mnt/FHWA_Data/WestDataChallenge/BucketsWithAction/Easy/T002_ActionsShorter_mini_3239_3347_Use-Radio-or-Gadget.mp4,39,0,FACE_0,0.9995099306106567,179.9729766845703,62.19169616699219,136.1999053955078,196.44837951660156,point_00,210.78720092773438,138.4778289794922,point_01,276.54400634765625,137.22119140625,point_02,241.92263793945312,177.16294860839844,point_03,220.32962036132812,212.02210998535156,point_04,271.96270751953125,210.89747619628906
/mnt/FHWA_Data/WestDataChallenge/BucketsWithAction/Easy/T002_ActionsShorter_mini_3239_3347_Use-Radio-or-Gadget.mp4,40,0,FACE_0,0.9994916915893555,180.48118591308594,61.581275939941406,136.4967498779297,196.92486572265625,point_00,211.25173950195312,138.01388549804688,point_01,277.2502746582031,137.138671875,point_02,242.06906127929688,176.5858154296875,point_03,220.20860290527344,211.72860717773438,point_04,272.03582763671875,210.95997619628906
/mnt/FHWA_Data/WestDataChallenge/BucketsWithAction/Easy/T002_ActionsShorter_mini_3239_3347_Use-Radio-or-Gadget.mp4,41,0,FACE_0,0.9994801878929138,181.75469970703125,61.39405822753906,135.43917846679688,197.2365264892578,point_00,212.08123779296875,137.70851135253906,point_01,277.7840270996094,136.94869995117188,point_02,242.4971923828125,176.1833953857422,point_03,220.64822387695312,211.52450561523438,point_04,272.34039306640625,210.873291015625
/mnt/FHWA_Data/WestDataChallenge/BucketsWithAction/Easy/T002_ActionsShorter_mini_3239_3347_Use-Radio-or-Gadget.mp4,42,0,FACE_0,0.9994791150093079,182.17845153808594,61.557891845703125,135.4275360107422,196.46279907226562,point_00,212.72824096679688,137.61990356445312,point_01,278.1300964355469,137.051513671875,point_02,243.02813720703125,176.7434844970703,point_03,221.36683654785156,211.38507080078125,point_04,272.3844909667969,210.90481567382812
/mnt/FHWA_Data/WestDataChallenge/BucketsWithAction/Easy/T002_ActionsShorter_mini_3239_3347_Use-Radio-or-Gadget.mp4,43,0,FACE_0,0.9994810223579407,182.17637634277344,61.84270095825195,135.48133850097656,196.21815490722656,point_00,212.74252319335938,137.70150756835938,point_01,278.20001220703125,137.2222900390625,point_02,242.9579315185547,176.5560760498047,point_03,221.16400146484375,211.3621826171875,point_04,272.283447265625,210.95999145507812
/mnt/FHWA_Data/WestDataChallenge/BucketsWithAction/Easy/T002_ActionsShorter_mini_3239_3347_Use-Radio-or-Gadget.mp4,44,0,FACE_0,0.9994799494743347,182.0381622314453,62.143089294433594,135.52540588378906,195.94281005859375,point_00,212.5992889404297,137.84396362304688,point_01,278.0507507324219,137.2232666015625,point_02,242.89694213867188,176.5039825439453,point_03,221.16787719726562,211.4908447265625,point_04,272.26275634765625,210.96688842773438
/mnt/FHWA_Data/WestDataChallenge/BucketsWithAction/Easy/T002_ActionsShorter_mini_3239_3347_Use-Radio-or-Gadget.mp4,45,0,FACE_0,0.999491810798645,181.73309326171875,62.33416748046875,135.87753295898438,195.92111206054688,point_00,212.31512451171875,137.8671875,point_01,277.9357604980469,137.20799255371094,point_02,242.72869873046875,176.6400146484375,point_03,220.9027099609375,211.30337524414062,point_04,272.441162109375,210.72390747070312
/mnt/FHWA_Data/WestDataChallenge/BucketsWithAction/Easy/T002_ActionsShorter_mini_3239_3347_Use-Radio-or-Gadget.mp4,46,0,FACE_0,0.9994716048240662,181.26812744140625,61.09035110473633,135.56256103515625,196.62428283691406,point_00,211.36619567871094,138.02171325683594,point_01,276.9480285644531,137.28005981445312,point_02,241.48468017578125,176.09042358398438,point_03,220.14039611816406,211.33389282226562,point_04,271.28619384765625,210.71505737304688
/mnt/FHWA_Data/WestDataChallenge/BucketsWithAction/Easy/T002_ActionsShorter_mini_3239_3347_Use-Radio-or-Gadget.mp4,47,0,FACE_0,0.9994848966598511,180.2125244140625,61.87161636352539,135.984130859375,195.57278442382812,point_00,210.54086303710938,137.88116455078125,point_01,276.267333984375,136.9479217529297,point_02,241.05941772460938,175.8345184326172,point_03,219.6245574951172,211.1353759765625,point_04,271.07110595703125,210.316162109375
/mnt/FHWA_Data/WestDataChallenge/BucketsWithAction/Easy/T002_ActionsShorter_mini_3239_3347_Use-Radio-or-Gadget.mp4,48,0,FACE_0,0.9995007514953613,179.69723510742188,62.02447509765625,136.16989135742188,195.50302124023438,point_00,210.3409881591797,137.95779418945312,point_01,275.6883544921875,136.82156372070312,point_02,240.5443572998047,174.90869140625,point_03,219.15411376953125,210.82232666015625,point_04,270.5100402832031,209.8501434326172
/mnt/FHWA_Data/WestDataChallenge/BucketsWithAction/Easy/T002_ActionsShorter_mini_3239_3347_Use-Radio-or-Gadget.mp4,49,0,FACE_0,0.9994961023330688,179.5703125,62.19424819946289,136.33859252929688,194.82705688476562,point_00,210.31875610351562,137.6937713623047,point_01,275.6695251464844,136.77774047851562,point_02,240.48731994628906,175.02764892578125,point_03,219.1483154296875,210.6018829345703,point_04,270.2568359375,209.80548095703125
/mnt/FHWA_Data/WestDataChallenge/BucketsWithAction/Easy/T002_ActionsShorter_mini_3239_3347_Use-Radio-or-Gadget.mp4,50,0,FACE_0,0.9994854927062988,178.98081970214844,62.134029388427734,136.19468688964844,194.49301147460938,point_00,209.7818145751953,137.60842895507812,point_01,275.23419189453125,136.8560028076172,point_02,240.2019500732422,175.40879821777344,point_03,218.87010192871094,210.7426300048828,point_04,269.5843505859375,210.07151794433594
/mnt/FHWA_Data/WestDataChallenge/BucketsWithAction/Easy/T002_ActionsShorter_mini_3239_3347_Use-Radio-or-Gadget.mp4,51,0,FACE_0,0.9994834661483765,178.8619842529297,62.016483306884766,136.36119079589844,194.587158203125,point_00,209.6447296142578,137.49807739257812,point_01,275.12506103515625,136.6902313232422,point_02,240.05015563964844,175.4048614501953,point_03,218.7759552001953,210.71768188476562,point_04,269.576904296875,210.00628662109375
/mnt/FHWA_Data/WestDataChallenge/BucketsWithAction/Easy/T002_ActionsShorter_mini_3239_3347_Use-Radio-or-Gadget.mp4,52,0,FACE_0,0.999479353427887,178.84893798828125,61.8767204284668,135.75338745117188,195.6358184814453,point_00,209.607666015625,137.38040161132812,point_01,274.6927490234375,136.44964599609375,point_02,239.92706298828125,175.5139923095703,point_03,218.74148559570312,210.92835998535156,point_04,269.4607238769531,210.1151123046875
/mnt/FHWA_Data/WestDataChallenge/BucketsWithAction/Easy/T002_ActionsShorter_mini_3239_3347_Use-Radio-or-Gadget.mp4,53,0,FACE_0,0.9994896650314331,178.90492248535156,62.16628646850586,135.8230438232422,195.54061889648438,point_00,209.52923583984375,137.53453063964844,point_01,274.6855163574219,136.6486053466797,point_02,239.75234985351562,175.88119506835938,point_03,218.65122985839844,211.21484375,point_04,269.42755126953125,210.43841552734375
/mnt/FHWA_Data/WestDataChallenge/BucketsWithAction/Easy/T002_ActionsShorter_mini_3239_3347_Use-Radio-or-Gadget.mp4,54,0,FACE_0,0.9994773268699646,178.87191772460938,62.14258575439453,135.66778564453125,195.52301025390625,point_00,209.55438232421875,137.93276977539062,point_01,274.9501647949219,137.27618408203125,point_02,239.81735229492188,176.12864685058594,point_03,218.45059204101562,211.4515380859375,point_04,269.25067138671875,210.8657989501953
/mnt/FHWA_Data/WestDataChallenge/BucketsWithAction/Easy/T002_ActionsShorter_mini_3239_3347_Use-Radio-or-Gadget.mp4,55,0,FACE_0,0.9994910955429077,178.66773986816406,62.58929443359375,135.76881408691406,194.9664306640625,point_00,209.5008544921875,137.9619140625,point_01,274.7878112792969,137.1783447265625,point_02,239.85397338867188,176.2317657470703,point_03,218.5522003173828,211.478759765625,point_04,269.2338562011719,210.78955078125
/mnt/FHWA_Data/WestDataChallenge/BucketsWithAction/Easy/T002_ActionsShorter_mini_3239_3347_Use-Radio-or-Gadget.mp4,56,0,FACE_0,0.9994926452636719,178.71676635742188,62.607513427734375,135.7841796875,194.85025024414062,point_00,209.5194091796875,137.98736572265625,point_01,274.7814636230469,137.19387817382812,point_02,239.87290954589844,176.2495574951172,point_03,218.6448974609375,211.43336486816406,point_04,269.2311096191406,210.73501586914062
/mnt/FHWA_Data/WestDataChallenge/BucketsWithAction/Easy/T002_ActionsShorter_mini_3239_3347_Use-Radio-or-Gadget.mp4,57,0,FACE_0,0.9994927644729614,178.86415100097656,62.26580810546875,135.8665313720703,195.53274536132812,point_00,209.48170471191406,138.0382080078125,point_01,274.8027648925781,137.19723510742188,point_02,239.69046020507812,176.09873962402344,point_03,218.54441833496094,211.5645294189453,point_04,269.30828857421875,210.83432006835938
/mnt/FHWA_Data/WestDataChallenge/BucketsWithAction/Easy/T002_ActionsShorter_mini_3239_3347_Use-Radio-or-Gadget.mp4,58,0,FACE_0,0.9994945526123047,178.90316772460938,62.83903884887695,135.99630737304688,194.70094299316406,point_00,209.27012634277344,138.13571166992188,point_01,274.6932373046875,137.40049743652344,point_02,239.37112426757812,176.49484252929688,point_03,218.44149780273438,211.73403930664062,point_04,269.0455017089844,211.08753967285156
/mnt/FHWA_Data/WestDataChallenge/BucketsWithAction/Easy/T002_ActionsShorter_mini_3239_3347_Use-Radio-or-Gadget.mp4,59,0,FACE_0,0.9995008707046509,179.07846069335938,62.63600158691406,135.87124633789062,194.91273498535156,point_00,209.41232299804688,138.1351318359375,point_01,274.7781677246094,137.4095916748047,point_02,239.45425415039062,176.38243103027344,point_03,218.51840209960938,211.66900634765625,point_04,269.140869140625,211.02911376953125
/mnt/FHWA_Data/WestDataChallenge/BucketsWithAction/Easy/T002_ActionsShorter_mini_3239_3347_Use-Radio-or-Gadget.mp4,60,0,FACE_0,0.999482274055481,178.9946746826172,62.258296966552734,136.1063690185547,195.53970336914062,point_00,209.1815185546875,138.27920532226562,point_01,274.6718444824219,137.24319458007812,point_02,239.33004760742188,176.18081665039062,point_03,218.53868103027344,211.74862670898438,point_04,269.3885498046875,210.84690856933594
/mnt/FHWA_Data/WestDataChallenge/BucketsWithAction/Easy/T002_ActionsShorter_mini_3239_3347_Use-Radio-or-Gadget.mp4,61,0,FACE_0,0.9994688630104065,178.9493408203125,61.37188720703125,135.809814453125,196.09552001953125,point_00,209.50271606445312,137.8133544921875,point_01,274.6886291503906,136.9552764892578,point_02,239.5516357421875,175.57276916503906,point_03,218.58216857910156,211.17550659179688,point_04,269.1598205566406,210.43096923828125
/mnt/FHWA_Data/WestDataChallenge/BucketsWithAction/Easy/T002_ActionsShorter_mini_3239_3347_Use-Radio-or-Gadget.mp4,62,0,FACE_0,0.9994705319404602,179.01683044433594,61.53410339355469,135.7938690185547,195.80271911621094,point_00,209.4972686767578,137.83009338378906,point_01,274.7635498046875,136.9535675048828,point_02,239.60787963867188,175.49630737304688,point_03,218.59500122070312,211.0670166015625,point_04,269.30084228515625,210.299560546875
/mnt/FHWA_Data/WestDataChallenge/BucketsWithAction/Easy/T002_ActionsShorter_mini_3239_3347_Use-Radio-or-Gadget.mp4,63,0,FACE_0,0.9994768500328064,179.03846740722656,61.21176528930664,135.93247985839844,196.01116943359375,point_00,209.40042114257812,137.79461669921875,point_01,274.61065673828125,136.79812622070312,point_02,239.2857666015625,175.17469787597656,point_03,218.53182983398438,211.09255981445312,point_04,269.0455627441406,210.25030517578125
/mnt/FHWA_Data/WestDataChallenge/BucketsWithAction/Easy/T002_ActionsShorter_mini_3239_3347_Use-Radio-or-Gadget.mp4,64,0,FACE_0,0.9994851350784302,178.65927124023438,61.4466552734375,135.9730224609375,195.56497192382812,point_00,209.17550659179688,137.69297790527344,point_01,274.288330078125,136.86692810058594,point_02,238.99977111816406,175.47708129882812,point_03,218.1805419921875,210.87997436523438,point_04,268.6904602050781,210.1727294921875
/mnt/FHWA_Data/WestDataChallenge/BucketsWithAction/Easy/T002_ActionsShorter_mini_3239_3347_Use-Radio-or-Gadget.mp4,65,0,FACE_0,0.9994813799858093,178.57369995117188,61.3935432434082,136.07846069335938,195.6494598388672,point_00,209.10311889648438,137.63450622558594,point_01,274.30859375,136.90008544921875,point_02,238.87982177734375,175.3567657470703,point_03,217.91024780273438,210.78414916992188,point_04,268.6136779785156,210.1571044921875
/mnt/FHWA_Data/WestDataChallenge/BucketsWithAction/Easy/T002_ActionsShorter_mini_3239_3347_Use-Radio-or-Gadget.mp4,66,0,FACE_0,0.9994858503341675,178.280029296875,61.71729278564453,136.23593139648438,195.45712280273438,point_00,208.87440490722656,137.76406860351562,point_01,274.05291748046875,136.853271484375,point_02,238.6924285888672,175.3887481689453,point_03,217.859619140625,211.04302978515625,point_04,268.4364318847656,210.28018188476562
/mnt/FHWA_Data/WestDataChallenge/BucketsWithAction/Easy/T002_ActionsShorter_mini_3239_3347_Use-Radio-or-Gadget.mp4,67,0,FACE_0,0.9994864463806152,178.01663208007812,62.34074783325195,136.01162719726562,194.7766876220703,point_00,208.618408203125,137.98712158203125,point_01,273.7236328125,136.87559509277344,point_02,238.57676696777344,175.32720947265625,point_03,217.7550048828125,211.08494567871094,point_04,268.3460693359375,210.1423797607422
/mnt/FHWA_Data/WestDataChallenge/BucketsWithAction/Easy/T002_ActionsShorter_mini_3239_3347_Use-Radio-or-Gadget.mp4,68,0,FACE_0,0.9995155334472656,177.58518981933594,62.37811279296875,136.3883514404297,194.72152709960938,point_00,208.2358856201172,137.90667724609375,point_01,273.5474548339844,136.77137756347656,point_02,238.32781982421875,175.3671875,point_03,217.48269653320312,211.10301208496094,point_04,268.1583251953125,210.12635803222656
/mnt/FHWA_Data/WestDataChallenge/BucketsWithAction/Easy/T002_ActionsShorter_mini_3239_3347_Use-Radio-or-Gadget.mp4,69,0,FACE_0,0.9995173215866089,177.54617309570312,61.845115661621094,136.24246215820312,195.50119018554688,point_00,207.97698974609375,138.0174560546875,point_01,273.3787841796875,136.59498596191406,point_02,238.11929321289062,175.1971435546875,point_03,217.37754821777344,211.25921630859375,point_04,268.2792663574219,210.04776000976562
/mnt/FHWA_Data/WestDataChallenge/BucketsWithAction/Easy/T002_ActionsShorter_mini_3239_3347_Use-Radio-or-Gadget.mp4,70,0,FACE_0,0.999515175819397,177.7295684814453,62.4899787902832,136.4232940673828,194.2854461669922,point_00,207.95697021484375,138.1766357421875,point_01,273.3999938964844,136.70191955566406,point_02,238.1068115234375,175.65328979492188,point_03,217.57772827148438,211.14292907714844,point_04,268.4729919433594,209.87586975097656
/mnt/FHWA_Data/WestDataChallenge/BucketsWithAction/Easy/T002_ActionsShorter_mini_3239_3347_Use-Radio-or-Gadget.mp4,71,0,FACE_0,0.9995228052139282,177.39158630371094,62.220664978027344,136.56459045410156,194.49899291992188,point_00,207.83056640625,138.1872100830078,point_01,273.3310852050781,136.60060119628906,point_02,238.239501953125,175.75242614746094,point_03,217.58547973632812,211.18527221679688,point_04,268.53790283203125,209.82839965820312
/mnt/FHWA_Data/WestDataChallenge/BucketsWithAction/Easy/T002_ActionsShorter_mini_3239_3347_Use-Radio-or-Gadget.mp4,72,0,FACE_0,0.9995194673538208,177.24266052246094,62.20655059814453,136.54408264160156,194.58016967773438,point_00,207.87911987304688,138.12179565429688,point_01,273.3633117675781,136.68411254882812,point_02,238.3680877685547,175.7871856689453,point_03,217.5064239501953,211.16180419921875,point_04,268.4405517578125,209.9296875
/mnt/FHWA_Data/WestDataChallenge/BucketsWithAction/Easy/T002_ActionsShorter_mini_3239_3347_Use-Radio-or-Gadget.mp4,73,0,FACE_0,0.9995161294937134,177.1914825439453,62.35702133178711,136.39918518066406,194.5931396484375,point_00,207.90293884277344,137.99514770507812,point_01,273.3821105957031,136.59335327148438,point_02,238.4062042236328,175.59034729003906,point_03,217.44790649414062,211.20974731445312,point_04,268.3459167480469,210.0038299560547
/mnt/FHWA_Data/WestDataChallenge/BucketsWithAction/Easy/T002_ActionsShorter_mini_3239_3347_Use-Radio-or-Gadget.mp4,74,0,FACE_0,0.9995229244232178,177.08055114746094,62.3909797668457,136.55711364746094,194.67726135253906,point_00,207.92703247070312,137.9967041015625,point_01,273.54644775390625,136.5853729248047,point_02,238.65237426757812,175.82118225097656,point_03,217.44354248046875,211.13107299804688,point_04,268.75006103515625,209.90438842773438
/mnt/FHWA_Data/WestDataChallenge/BucketsWithAction/Easy/T002_ActionsShorter_mini_3239_3347_Use-Radio-or-Gadget.mp4,75,0,FACE_0,0.9995081424713135,177.5415802001953,61.93729019165039,136.2009735107422,194.82516479492188,point_00,208.2410430908203,137.82174682617188,point_01,273.5601501464844,136.40533447265625,point_02,238.6925811767578,175.6844940185547,point_03,217.77513122558594,210.91258239746094,point_04,268.6907958984375,209.7075958251953
/mnt/FHWA_Data/WestDataChallenge/BucketsWithAction/Easy/T002_ActionsShorter_mini_3239_3347_Use-Radio-or-Gadget.mp4,76,0,FACE_0,0.9995121955871582,177.8011016845703,62.20808410644531,136.27488708496094,194.9110565185547,point_00,208.415771484375,137.60948181152344,point_01,273.85211181640625,136.3485870361328,point_02,238.78221130371094,175.3931884765625,point_03,217.70355224609375,210.90272521972656,point_04,268.899169921875,209.8197479248047
/mnt/FHWA_Data/WestDataChallenge/BucketsWithAction/Easy/T002_ActionsShorter_mini_3239_3347_Use-Radio-or-Gadget.mp4,77,0,FACE_0,0.9995044469833374,177.9756622314453,62.10507583618164,136.18873596191406,194.54544067382812,point_00,208.72589111328125,137.50973510742188,point_01,274.1893310546875,136.3952178955078,point_02,239.2401885986328,175.40419006347656,point_03,217.9388885498047,210.60546875,point_04,269.1652526855469,209.63424682617188
/mnt/FHWA_Data/WestDataChallenge/BucketsWithAction/Easy/T002_ActionsShorter_mini_3239_3347_Use-Radio-or-Gadget.mp4,78,0,FACE_0,0.9995266199111938,178.27395629882812,62.14342498779297,136.16748046875,194.53192138671875,point_00,208.98391723632812,137.6078643798828,point_01,274.4600830078125,136.40328979492188,point_02,239.51583862304688,175.26263427734375,point_03,218.2039794921875,210.51007080078125,point_04,269.6448974609375,209.44570922851562
/mnt/FHWA_Data/WestDataChallenge/BucketsWithAction/Easy/T002_ActionsShorter_mini_3239_3347_Use-Radio-or-Gadget.mp4,79,0,FACE_0,0.9995214939117432,178.655517578125,61.8807373046875,136.14468383789062,195.01483154296875,point_00,209.2581329345703,137.67445373535156,point_01,274.6905212402344,136.527099609375,point_02,239.63589477539062,175.32992553710938,point_03,218.57296752929688,210.90606689453125,point_04,269.5479431152344,209.91937255859375
/mnt/FHWA_Data/WestDataChallenge/BucketsWithAction/Easy/T002_ActionsShorter_mini_3239_3347_Use-Radio-or-Gadget.mp4,80,0,FACE_0,0.9995065927505493,179.36520385742188,61.92671585083008,135.77981567382812,195.07984924316406,point_00,209.91189575195312,137.899169921875,point_01,275.0676574707031,136.83331298828125,point_02,240.06405639648438,175.3143310546875,point_03,219.08203125,210.78225708007812,point_04,269.9225769042969,209.8448944091797
/mnt/FHWA_Data/WestDataChallenge/BucketsWithAction/Easy/T002_ActionsShorter_mini_3239_3347_Use-Radio-or-Gadget.mp4,81,0,FACE_0,0.9995142221450806,179.82830810546875,62.36021041870117,136.0406494140625,194.7295684814453,point_00,210.27047729492188,137.9351043701172,point_01,275.58447265625,137.160888671875,point_02,240.23928833007812,175.72718811035156,point_03,219.2232208251953,211.06785583496094,point_04,270.0337829589844,210.3852081298828
/mnt/FHWA_Data/WestDataChallenge/BucketsWithAction/Easy/T002_ActionsShorter_mini_3239_3347_Use-Radio-or-Gadget.mp4,82,0,FACE_0,0.9994840621948242,179.745361328125,61.11555480957031,135.5911865234375,196.2387237548828,point_00,209.7974395751953,138.07882690429688,point_01,275.0921630859375,137.20266723632812,point_02,239.6304473876953,175.31129455566406,point_03,218.94970703125,211.22537231445312,point_04,269.4026794433594,210.46449279785156
/mnt/FHWA_Data/WestDataChallenge/BucketsWithAction/Easy/T002_ActionsShorter_mini_3239_3347_Use-Radio-or-Gadget.mp4,83,0,FACE_0,0.9994970560073853,179.58499145507812,61.608524322509766,135.77154541015625,195.62496948242188,point_00,209.7359161376953,138.1751708984375,point_01,275.036376953125,137.26220703125,point_02,239.64817810058594,175.38900756835938,point_03,218.92166137695312,211.22787475585938,point_04,269.4010314941406,210.4306640625
/mnt/FHWA_Data/WestDataChallenge/BucketsWithAction/Easy/T002_ActionsShorter_mini_3239_3347_Use-Radio-or-Gadget.mp4,84,0,FACE_0,0.9995056390762329,179.67991638183594,61.7611198425293,135.54808044433594,195.5364532470703,point_00,209.75503540039062,138.305419921875,point_01,274.94091796875,137.23526000976562,point_02,239.63682556152344,175.32809448242188,point_03,218.98973083496094,211.23666381835938,point_04,269.490966796875,210.3080291748047
/mnt/FHWA_Data/WestDataChallenge/BucketsWithAction/Easy/T002_ActionsShorter_mini_3239_3347_Use-Radio-or-Gadget.mp4,85,0,FACE_0,0.9994915723800659,179.51876831054688,61.90302276611328,135.53701782226562,195.28665161132812,point_00,209.9232635498047,138.3158416748047,point_01,275.0654602050781,137.34124755859375,point_02,240.04092407226562,175.42628479003906,point_03,219.09254455566406,211.07589721679688,point_04,269.70745849609375,210.20535278320312
/mnt/FHWA_Data/WestDataChallenge/BucketsWithAction/Easy/T002_ActionsShorter_mini_3239_3347_Use-Radio-or-Gadget.mp4,86,0,FACE_0,0.9994981288909912,179.5133056640625,62.111900329589844,135.50250244140625,195.11895751953125,point_00,209.9791259765625,138.1861114501953,point_01,275.1551208496094,137.32119750976562,point_02,240.11399841308594,175.39845275878906,point_03,219.0443115234375,211.12612915039062,point_04,269.62200927734375,210.35244750976562
/mnt/FHWA_Data/WestDataChallenge/BucketsWithAction/Easy/T002_ActionsShorter_mini_3239_3347_Use-Radio-or-Gadget.mp4,87,0,FACE_0,0.9994944334030151,179.28269958496094,62.06652069091797,135.5478973388672,195.11093139648438,point_00,210.027099609375,137.96261596679688,point_01,275.17913818359375,137.18661499023438,point_02,240.36233520507812,175.41064453125,point_03,219.14495849609375,210.98123168945312,point_04,269.6556091308594,210.26885986328125
/mnt/FHWA_Data/WestDataChallenge/BucketsWithAction/Easy/T002_ActionsShorter_mini_3239_3347_Use-Radio-or-Gadget.mp4,88,0,FACE_0,0.9995031356811523,179.13784790039062,62.36476135253906,135.73248291015625,194.8775177001953,point_00,209.82046508789062,137.94906616210938,point_01,275.02655029296875,137.06503295898438,point_02,240.15756225585938,175.41600036621094,point_03,218.97222900390625,210.96786499023438,point_04,269.67608642578125,210.15872192382812
/mnt/FHWA_Data/WestDataChallenge/BucketsWithAction/Easy/T002_ActionsShorter_mini_3239_3347_Use-Radio-or-Gadget.mp4,89,0,FACE_0,0.9995111227035522,179.09022521972656,62.33760070800781,135.7635955810547,194.8367462158203,point_00,209.81805419921875,137.9928436279297,point_01,275.0231628417969,137.08609008789062,point_02,240.20872497558594,175.50064086914062,point_03,218.99627685546875,210.94686889648438,point_04,269.74639892578125,210.11831665039062
/mnt/FHWA_Data/WestDataChallenge/BucketsWithAction/Easy/T002_ActionsShorter_mini_3239_3347_Use-Radio-or-Gadget.mp4,90,0,FACE_0,0.9995225667953491,179.0894775390625,62.22883224487305,135.76214599609375,194.9346466064453,point_00,209.66000366210938,138.00845336914062,point_01,274.9537658691406,136.9627685546875,point_02,240.12548828125,175.4475555419922,point_03,218.97006225585938,211.0041046142578,point_04,269.84423828125,210.060791015625
/mnt/FHWA_Data/WestDataChallenge/BucketsWithAction/Easy/T002_ActionsShorter_mini_3239_3347_Use-Radio-or-Gadget.mp4,91,0,FACE_0,0.9995185136795044,179.1036834716797,62.07929229736328,135.6501007080078,195.00341796875,point_00,209.58126831054688,137.95323181152344,point_01,274.85137939453125,136.7450408935547,point_02,240.0572509765625,175.3444061279297,point_03,219.02139282226562,211.0035858154297,point_04,269.8160400390625,209.93692016601562
/mnt/FHWA_Data/WestDataChallenge/BucketsWithAction/Easy/T002_ActionsShorter_mini_3239_3347_Use-Radio-or-Gadget.mp4,92,0,FACE_0,0.9995194673538208,179.0806427001953,61.95648956298828,135.54429626464844,194.9910888671875,point_00,209.6645965576172,137.98484802246094,point_01,274.8231201171875,136.82260131835938,point_02,240.17164611816406,175.44696044921875,point_03,219.10145568847656,210.89208984375,point_04,269.8284912109375,209.859375
/mnt/FHWA_Data/WestDataChallenge/BucketsWithAction/Easy/T002_ActionsShorter_mini_3239_3347_Use-Radio-or-Gadget.mp4,93,0,FACE_0,0.9994992017745972,179.12928771972656,61.698612213134766,135.39109802246094,194.50033569335938,point_00,209.7822265625,137.75845336914062,point_01,274.876953125,136.76290893554688,point_02,240.15711975097656,175.238037109375,point_03,219.08282470703125,210.47586059570312,point_04,269.5826721191406,209.59481811523438
/mnt/FHWA_Data/WestDataChallenge/BucketsWithAction/Easy/T002_ActionsShorter_mini_3239_3347_Use-Radio-or-Gadget.mp4,94,0,FACE_0,0.9994737505912781,179.4467315673828,61.23141860961914,135.79042053222656,194.52584838867188,point_00,209.76089477539062,137.65380859375,point_01,274.87225341796875,136.4405975341797,point_02,239.61224365234375,174.51600646972656,point_03,218.99134826660156,210.23756408691406,point_04,269.49798583984375,209.21005249023438
/mnt/FHWA_Data/WestDataChallenge/BucketsWithAction/Easy/T002_ActionsShorter_mini_3239_3347_Use-Radio-or-Gadget.mp4,95,0,FACE_0,0.9994719624519348,179.3928985595703,61.07684326171875,135.8743438720703,194.76316833496094,point_00,209.66529846191406,137.773681640625,point_01,274.7838134765625,136.42430114746094,point_02,239.470458984375,174.37142944335938,point_03,218.91331481933594,210.31895446777344,point_04,269.4793395996094,209.1916046142578
/mnt/FHWA_Data/WestDataChallenge/BucketsWithAction/Easy/T002_ActionsShorter_mini_3239_3347_Use-Radio-or-Gadget.mp4,96,0,FACE_0,0.9994675517082214,179.23748779296875,60.90791702270508,136.01803588867188,194.682861328125,point_00,209.6316680908203,137.51219177246094,point_01,274.9365539550781,136.2775421142578,point_02,239.61038208007812,174.33038330078125,point_03,218.8827667236328,210.20870971679688,point_04,269.4549255371094,209.17333984375
/mnt/FHWA_Data/WestDataChallenge/BucketsWithAction/Easy/T002_ActionsShorter_mini_3239_3347_Use-Radio-or-Gadget.mp4,97,0,FACE_0,0.9994612336158752,179.2783203125,60.855918884277344,136.00875854492188,194.80157470703125,point_00,209.64300537109375,137.60369873046875,point_01,275.03759765625,136.39968872070312,point_02,239.63818359375,174.35374450683594,point_03,218.8141632080078,210.20657348632812,point_04,269.5258483886719,209.19329833984375
/mnt/FHWA_Data/WestDataChallenge/BucketsWithAction/Easy/T002_ActionsShorter_mini_3239_3347_Use-Radio-or-Gadget.mp4,98,0,FACE_0,0.9994706511497498,179.18739318847656,61.536376953125,135.81822204589844,194.297607421875,point_00,209.61123657226562,137.82664489746094,point_01,274.94268798828125,136.68800354003906,point_02,239.5528106689453,174.5049591064453,point_03,218.71751403808594,210.59327697753906,point_04,269.15997314453125,209.64895629882812
/mnt/FHWA_Data/WestDataChallenge/BucketsWithAction/Easy/T002_ActionsShorter_mini_3239_3347_Use-Radio-or-Gadget.mp4,99,0,FACE_0,0.999491810798645,179.30462646484375,61.87575149536133,135.81329345703125,194.1344757080078,point_00,209.60321044921875,137.64306640625,point_01,274.94873046875,136.6401824951172,point_02,239.51275634765625,174.84397888183594,point_03,218.5934295654297,210.36117553710938,point_04,269.41241455078125,209.50253295898438
/mnt/FHWA_Data/WestDataChallenge/BucketsWithAction/Easy/T002_ActionsShorter_mini_3239_3347_Use-Radio-or-Gadget.mp4,100,0,FACE_0,0.9995088577270508,179.2054443359375,61.84653091430664,135.70172119140625,194.29757690429688,point_00,209.4988555908203,137.419921875,point_01,274.9873962402344,136.58901977539062,point_02,239.49920654296875,174.92263793945312,point_03,218.28189086914062,210.23074340820312,point_04,269.41107177734375,209.5016632080078
/mnt/FHWA_Data/WestDataChallenge/BucketsWithAction/Easy/T002_ActionsShorter_mini_3239_3347_Use-Radio-or-Gadget.mp4,101,0,FACE_0,0.9995063543319702,178.95199584960938,61.92929458618164,135.73379516601562,194.00245666503906,point_00,209.3775634765625,137.29763793945312,point_01,274.78118896484375,136.55221557617188,point_02,239.41184997558594,175.10882568359375,point_03,218.28921508789062,210.19387817382812,point_04,269.098876953125,209.5293731689453
/mnt/FHWA_Data/WestDataChallenge/BucketsWithAction/Easy/T002_ActionsShorter_mini_3239_3347_Use-Radio-or-Gadget.mp4,102,0,FACE_0,0.9995157718658447,178.6119384765625,62.12067413330078,135.761962890625,193.56979370117188,point_00,209.06275939941406,137.15020751953125,point_01,274.2654113769531,136.3968505859375,point_02,238.8821563720703,174.79132080078125,point_03,217.77622985839844,209.72039794921875,point_04,268.672119140625,209.0482940673828
/mnt/FHWA_Data/WestDataChallenge/BucketsWithAction/Easy/T002_ActionsShorter_mini_3239_3347_Use-Radio-or-Gadget.mp4,103,0,FACE_0,0.9995021820068359,178.38174438476562,61.428428649902344,135.58236694335938,193.88177490234375,point_00,208.94790649414062,137.38844299316406,point_01,274.04205322265625,136.1842041015625,point_02,238.9298095703125,174.2989959716797,point_03,218.05776977539062,209.7693634033203,point_04,268.65496826171875,208.74041748046875
/mnt/FHWA_Data/WestDataChallenge/BucketsWithAction/Easy/T002_ActionsShorter_mini_3239_3347_Use-Radio-or-Gadget.mp4,104,0,FACE_0,0.9995046854019165,178.2067413330078,61.750892639160156,135.8017120361328,193.4173583984375,point_00,208.86978149414062,137.457763671875,point_01,273.954345703125,136.11639404296875,point_02,238.99581909179688,174.3076934814453,point_03,218.22531127929688,209.82052612304688,point_04,268.6507263183594,208.673095703125
/mnt/FHWA_Data/WestDataChallenge/BucketsWithAction/Easy/T002_ActionsShorter_mini_3239_3347_Use-Radio-or-Gadget.mp4,105,0,FACE_0,0.9994932413101196,178.12925720214844,61.29642105102539,135.8053436279297,194.0347900390625,point_00,208.8500518798828,137.40106201171875,point_01,274.0281982421875,136.01254272460938,point_02,239.02395629882812,174.07891845703125,point_03,218.17984008789062,209.9083709716797,point_04,268.6579895019531,208.73097229003906
/mnt/FHWA_Data/WestDataChallenge/BucketsWithAction/Easy/T002_ActionsShorter_mini_3239_3347_Use-Radio-or-Gadget.mp4,106,0,FACE_0,0.9994489550590515,178.4843292236328,60.374481201171875,135.5695037841797,195.23785400390625,point_00,208.95921325683594,137.6410369873047,point_01,273.95831298828125,136.1114044189453,point_02,238.9849853515625,174.19757080078125,point_03,218.50466918945312,210.078369140625,point_04,268.7684326171875,208.7875518798828
/mnt/FHWA_Data/WestDataChallenge/BucketsWithAction/Easy/T002_ActionsShorter_mini_3239_3347_Use-Radio-or-Gadget.mp4,107,0,FACE_0,0.9994614720344543,178.47975158691406,60.423301696777344,135.82838439941406,195.06536865234375,point_00,208.87322998046875,137.7304229736328,point_01,274.0869445800781,135.8731231689453,point_02,239.28504943847656,174.35348510742188,point_03,218.84982299804688,210.1257781982422,point_04,269.45556640625,208.54434204101562
/mnt/FHWA_Data/WestDataChallenge/BucketsWithAction/Easy/T002_ActionsShorter_mini_3239_3347_Use-Radio-or-Gadget.mp4,108,0,FACE_0,0.9994713664054871,178.8546600341797,61.073036193847656,135.91517639160156,194.65728759765625,point_00,209.43255615234375,137.64146423339844,point_01,274.7205810546875,136.07186889648438,point_02,239.87388610839844,174.2974395751953,point_03,218.96253967285156,209.958740234375,point_04,269.96661376953125,208.6085662841797
/mnt/FHWA_Data/WestDataChallenge/BucketsWithAction/Easy/T002_ActionsShorter_mini_3239_3347_Use-Radio-or-Gadget.mp4,109,0,FACE_0,0.9994828701019287,179.71824645996094,60.64588928222656,135.58583068847656,195.3990936279297,point_00,210.13633728027344,137.68075561523438,point_01,275.1910095214844,136.15469360351562,point_02,240.12754821777344,174.1566162109375,point_03,219.17417907714844,209.81332397460938,point_04,270.3597106933594,208.53973388671875
/mnt/FHWA_Data/WestDataChallenge/BucketsWithAction/Easy/T002_ActionsShorter_mini_3239_3347_Use-Radio-or-Gadget.mp4,110,0,FACE_0,0.9994407296180725,180.31591796875,60.33843231201172,135.70867919921875,195.693359375,point_00,210.48709106445312,137.85623168945312,point_01,275.54937744140625,135.60581970214844,point_02,240.55813598632812,173.63265991210938,point_03,219.9976043701172,210.03439331054688,point_04,271.2162170410156,208.1953125
/mnt/FHWA_Data/WestDataChallenge/BucketsWithAction/Easy/T002_ActionsShorter_mini_3239_3347_Use-Radio-or-Gadget.mp4,111,0,FACE_0,0.9994294047355652,181.17919921875,60.494686126708984,135.54779052734375,195.69686889648438,point_00,212.00973510742188,137.22671508789062,point_01,276.75274658203125,135.88783264160156,point_02,241.98590087890625,173.9661102294922,point_03,220.80911254882812,209.82847595214844,point_04,271.604248046875,208.75216674804688
/mnt/FHWA_Data/WestDataChallenge/BucketsWithAction/Easy/T002_ActionsShorter_mini_3239_3347_Use-Radio-or-Gadget.mp4,112,0,FACE_0,0.9994041919708252,181.7412567138672,60.861083984375,135.2508087158203,195.00108337402344,point_00,212.52183532714844,137.06491088867188,point_01,276.9908752441406,135.90435791015625,point_02,242.2029266357422,173.9305419921875,point_03,221.1930694580078,209.6237030029297,point_04,271.5589599609375,208.70359802246094
/mnt/FHWA_Data/WestDataChallenge/BucketsWithAction/Easy/T002_ActionsShorter_mini_3239_3347_Use-Radio-or-Gadget.mp4,113,0,FACE_0,0.9994214773178101,182.12701416015625,60.87823486328125,135.62319946289062,195.06976318359375,point_00,212.90774536132812,136.93728637695312,point_01,277.56915283203125,135.3895721435547,point_02,242.98365783691406,174.0105743408203,point_03,222.13754272460938,210.06076049804688,point_04,272.38751220703125,208.82290649414062
/mnt/FHWA_Data/WestDataChallenge/BucketsWithAction/Easy/T002_ActionsShorter_mini_3239_3347_Use-Radio-or-Gadget.mp4,114,0,FACE_0,0.9994182586669922,182.4110107421875,60.920719146728516,135.42025756835938,194.94264221191406,point_00,213.48159790039062,136.61932373046875,point_01,277.7228698730469,135.0595703125,point_02,243.49444580078125,174.05238342285156,point_03,222.7955322265625,210.03475952148438,point_04,272.50482177734375,208.80960083007812
/mnt/FHWA_Data/WestDataChallenge/BucketsWithAction/Easy/T002_ActionsShorter_mini_3239_3347_Use-Radio-or-Gadget.mp4,115,0,FACE_0,0.9994339346885681,182.468994140625,60.83892059326172,135.6494140625,194.91201782226562,point_00,213.7401123046875,135.72959899902344,point_01,278.5758361816406,134.41212463378906,point_02,244.14991760253906,173.5353240966797,point_03,222.6111297607422,209.6556854248047,point_04,273.1593933105469,208.63082885742188
/mnt/FHWA_Data/WestDataChallenge/BucketsWithAction/Easy/T002_ActionsShorter_mini_3239_3347_Use-Radio-or-Gadget.mp4,116,0,FACE_0,0.999383807182312,182.61227416992188,59.67576599121094,136.0841064453125,195.8751220703125,point_00,214.32183837890625,135.37469482421875,point_01,279.5162353515625,133.9503173828125,point_02,245.0415496826172,172.58114624023438,point_03,223.16891479492188,209.66253662109375,point_04,273.5880432128906,208.58865356445312
/mnt/FHWA_Data/WestDataChallenge/BucketsWithAction/Easy/T002_ActionsShorter_mini_3239_3347_Use-Radio-or-Gadget.mp4,117,0,FACE_0,0.999401330947876,182.75250244140625,59.19790267944336,136.0277099609375,196.4012451171875,point_00,214.9214630126953,135.1685791015625,point_01,280.28436279296875,133.60389709472656,point_02,246.2029571533203,172.3258514404297,point_03,223.68939208984375,209.34335327148438,point_04,274.6871643066406,208.13702392578125
/mnt/FHWA_Data/WestDataChallenge/BucketsWithAction/Easy/T002_ActionsShorter_mini_3239_3347_Use-Radio-or-Gadget.mp4,118,0,FACE_0,0.9993627667427063,183.03302001953125,58.37986755371094,135.40878295898438,197.09414672851562,point_00,215.53582763671875,135.02734375,point_01,280.7488708496094,133.8472900390625,point_02,246.85406494140625,171.8003692626953,point_03,223.86033630371094,209.05007934570312,point_04,274.7301940917969,208.1738739013672
/mnt/FHWA_Data/WestDataChallenge/BucketsWithAction/Easy/T002_ActionsShorter_mini_3239_3347_Use-Radio-or-Gadget.mp4,119,0,FACE_0,0.9993525147438049,182.83447265625,58.26124954223633,135.74838256835938,196.94825744628906,point_00,215.58462524414062,134.643798828125,point_01,280.951416015625,133.44142150878906,point_02,247.19247436523438,171.80723571777344,point_03,224.07949829101562,208.9266357421875,point_04,274.9898376464844,208.02877807617188
/mnt/FHWA_Data/WestDataChallenge/BucketsWithAction/Easy/T002_ActionsShorter_mini_3239_3347_Use-Radio-or-Gadget.mp4,120,0,FACE_0,0.9993560910224915,182.1959228515625,59.94438171386719,135.54296875,193.81198120117188,point_00,215.87939453125,134.3123016357422,point_01,281.0421447753906,133.6748504638672,point_02,247.99240112304688,171.0258331298828,point_03,224.84361267089844,207.96205139160156,point_04,273.3487548828125,207.33644104003906
/mnt/FHWA_Data/WestDataChallenge/BucketsWithAction/Easy/T002_ActionsShorter_mini_3239_3347_Use-Radio-or-Gadget.mp4,121,0,FACE_0,0.999360978603363,182.19422912597656,59.51009750366211,135.43995666503906,194.62379455566406,point_00,215.8209228515625,134.6251220703125,point_01,281.2167663574219,133.4857177734375,point_02,248.4567108154297,170.8140869140625,point_03,225.13516235351562,208.09991455078125,point_04,274.27703857421875,207.03433227539062
/mnt/FHWA_Data/WestDataChallenge/BucketsWithAction/Easy/T002_ActionsShorter_mini_3239_3347_Use-Radio-or-Gadget.mp4,122,0,FACE_0,0.9993634819984436,182.2808380126953,59.47213363647461,135.5165557861328,194.4527130126953,point_00,216.13771057128906,134.46322631835938,point_01,281.5350036621094,133.3553924560547,point_02,248.93804931640625,170.79263305664062,point_03,225.511962890625,207.9930877685547,point_04,274.5189514160156,206.943603515625
/mnt/FHWA_Data/WestDataChallenge/BucketsWithAction/Easy/T002_ActionsShorter_mini_3239_3347_Use-Radio-or-Gadget.mp4,123,0,FACE_0,0.9993665814399719,182.2998504638672,59.27766036987305,135.45802307128906,194.69854736328125,point_00,216.0998077392578,134.21340942382812,point_01,281.6541442871094,132.9168243408203,point_02,249.1011505126953,170.65562438964844,point_03,225.63720703125,208.02816772460938,point_04,274.89385986328125,206.82449340820312
/mnt/FHWA_Data/WestDataChallenge/BucketsWithAction/Easy/T002_ActionsShorter_mini_3239_3347_Use-Radio-or-Gadget.mp4,124,0,FACE_0,0.9993840456008911,182.6038360595703,59.26933670043945,135.21681213378906,194.61534118652344,point_00,216.53138732910156,133.84628295898438,point_01,281.87841796875,132.63479614257812,point_02,249.5153350830078,170.68258666992188,point_03,226.04901123046875,207.98468017578125,point_04,274.9794006347656,206.8551025390625
/mnt/FHWA_Data/WestDataChallenge/BucketsWithAction/Easy/T002_ActionsShorter_mini_3239_3347_Use-Radio-or-Gadget.mp4,125,0,FACE_0,0.9993871450424194,182.50559997558594,59.558650970458984,135.0433807373047,194.2775115966797,point_00,216.65335083007812,133.67535400390625,point_01,281.90509033203125,132.64157104492188,point_02,249.69662475585938,170.85462951660156,point_03,226.0192413330078,207.89315795898438,point_04,274.8960266113281,206.90457153320312
/mnt/FHWA_Data/WestDataChallenge/BucketsWithAction/Easy/T002_ActionsShorter_mini_3239_3347_Use-Radio-or-Gadget.mp4,126,0,FACE_0,0.999349057674408,182.55807495117188,59.28928756713867,134.742431640625,194.38368225097656,point_00,216.693115234375,134.05775451660156,point_01,281.67901611328125,132.95950317382812,point_02,249.7440185546875,171.4355926513672,point_03,226.40638732910156,208.2052764892578,point_04,274.79248046875,207.15670776367188
/mnt/FHWA_Data/WestDataChallenge/BucketsWithAction/Easy/T002_ActionsShorter_mini_3239_3347_Use-Radio-or-Gadget.mp4,127,0,FACE_0,0.9993650317192078,182.7670440673828,57.748680114746094,135.3863983154297,196.97280883789062,point_00,217.1542205810547,134.14512634277344,point_01,282.7058410644531,132.56057739257812,point_02,250.65272521972656,171.5476531982422,point_03,226.12106323242188,208.60403442382812,point_04,277.252197265625,207.34715270996094
/mnt/FHWA_Data/WestDataChallenge/BucketsWithAction/Easy/T002_ActionsShorter_mini_3239_3347_Use-Radio-or-Gadget.mp4,128,0,FACE_0,0.9993962049484253,182.71951293945312,58.056121826171875,135.04345703125,196.22869873046875,point_00,216.8702392578125,134.12515258789062,point_01,282.08624267578125,132.14268493652344,point_02,250.31784057617188,171.3525390625,point_03,226.33493041992188,208.4646453857422,point_04,277.0219421386719,206.85838317871094
/mnt/FHWA_Data/WestDataChallenge/BucketsWithAction/Easy/T002_ActionsShorter_mini_3239_3347_Use-Radio-or-Gadget.mp4,129,0,FACE_0,0.9994087219238281,182.27127075195312,58.563743591308594,135.33023071289062,195.758544921875,point_00,216.32916259765625,134.3170928955078,point_01,281.6365051269531,131.94508361816406,point_02,249.91851806640625,170.97991943359375,point_03,226.12625122070312,208.52667236328125,point_04,277.0369873046875,206.5898895263672
/mnt/FHWA_Data/WestDataChallenge/BucketsWithAction/Easy/T002_ActionsShorter_mini_3239_3347_Use-Radio-or-Gadget.mp4,130,0,FACE_0,0.999395489692688,181.84388732910156,60.08171844482422,134.3926544189453,192.40988159179688,point_00,216.21961975097656,133.70635986328125,point_01,280.809814453125,132.09471130371094,point_02,249.64500427246094,170.57073974609375,point_03,226.50599670410156,207.39605712890625,point_04,274.609130859375,205.90541076660156
/mnt/FHWA_Data/WestDataChallenge/BucketsWithAction/Easy/T002_ActionsShorter_mini_3239_3347_Use-Radio-or-Gadget.mp4,131,0,FACE_0,0.9994075298309326,181.72109985351562,59.896976470947266,134.52090454101562,191.95664978027344,point_00,215.79132080078125,133.3297119140625,point_01,280.380126953125,131.12234497070312,point_02,249.28041076660156,169.53602600097656,point_03,226.5857391357422,206.72825622558594,point_04,274.965576171875,204.73117065429688
/mnt/FHWA_Data/WestDataChallenge/BucketsWithAction/Easy/T002_ActionsShorter_mini_3239_3347_Use-Radio-or-Gadget.mp4,132,0,FACE_0,0.9994029998779297,181.58872985839844,59.16878890991211,134.80555725097656,192.45924377441406,point_00,215.73593139648438,133.31771850585938,point_01,280.6151123046875,130.97708129882812,point_02,249.48828125,169.11599731445312,point_03,226.36410522460938,206.21759033203125,point_04,275.6006774902344,204.094482421875
/mnt/FHWA_Data/WestDataChallenge/BucketsWithAction/Easy/T002_ActionsShorter_mini_3239_3347_Use-Radio-or-Gadget.mp4,133,0,FACE_0,0.9993619322776794,181.83644104003906,59.152435302734375,134.34877014160156,192.3075714111328,point_00,216.0741424560547,132.71749877929688,point_01,280.6811218261719,130.56517028808594,point_02,249.62843322753906,168.30101013183594,point_03,226.3253936767578,205.58770751953125,point_04,275.5603942871094,203.62741088867188
/mnt/FHWA_Data/WestDataChallenge/BucketsWithAction/Easy/T002_ActionsShorter_mini_3239_3347_Use-Radio-or-Gadget.mp4,134,0,FACE_0,0.999402642250061,181.9033660888672,59.242774963378906,134.1755828857422,192.5670166015625,point_00,216.08853149414062,132.70606994628906,point_01,280.8211364746094,130.35812377929688,point_02,249.79708862304688,167.84881591796875,point_03,226.1625213623047,205.3861083984375,point_04,276.0147399902344,203.25225830078125
/mnt/FHWA_Data/WestDataChallenge/BucketsWithAction/Easy/T002_ActionsShorter_mini_3239_3347_Use-Radio-or-Gadget.mp4,135,0,FACE_0,0.9993778467178345,181.80758666992188,58.91347122192383,134.47540283203125,192.9379119873047,point_00,216.00039672851562,132.6853790283203,point_01,280.93115234375,130.24085998535156,point_02,249.80880737304688,167.48101806640625,point_03,226.27203369140625,205.53094482421875,point_04,275.9834899902344,203.3246307373047
/mnt/FHWA_Data/WestDataChallenge/BucketsWithAction/Easy/T002_ActionsShorter_mini_3239_3347_Use-Radio-or-Gadget.mp4,136,0,FACE_0,0.9993810653686523,181.88771057128906,58.84791564941406,134.4365692138672,192.3881072998047,point_00,216.0916748046875,132.61398315429688,point_01,280.99951171875,130.03958129882812,point_02,249.9601593017578,167.266845703125,point_03,226.4969024658203,205.2330780029297,point_04,276.1252746582031,202.9226837158203
/mnt/FHWA_Data/WestDataChallenge/BucketsWithAction/Easy/T002_ActionsShorter_mini_3239_3347_Use-Radio-or-Gadget.mp4,137,0,FACE_0,0.9993817806243896,181.91357421875,59.28187942504883,134.61166381835938,191.70562744140625,point_00,216.15936279296875,132.62667846679688,point_01,281.0118408203125,129.83682250976562,point_02,250.05093383789062,166.9776611328125,point_03,226.85943603515625,205.267333984375,point_04,276.10467529296875,202.79086303710938
/mnt/FHWA_Data/WestDataChallenge/BucketsWithAction/Easy/T002_ActionsShorter_mini_3239_3347_Use-Radio-or-Gadget.mp4,138,0,FACE_0,0.9993982315063477,182.04103088378906,58.83405303955078,134.64842224121094,192.15103149414062,point_00,216.12445068359375,132.86660766601562,point_01,280.9608459472656,129.890869140625,point_02,250.0665283203125,167.1502685546875,point_03,226.9676055908203,205.2867431640625,point_04,276.4364013671875,202.6502685546875
/mnt/FHWA_Data/WestDataChallenge/BucketsWithAction/Easy/T002_ActionsShorter_mini_3239_3347_Use-Radio-or-Gadget.mp4,139,0,FACE_0,0.999426007270813,181.97476196289062,59.239471435546875,134.35260009765625,191.71302795410156,point_00,215.9815216064453,132.3768310546875,point_01,280.50006103515625,129.35812377929688,point_02,249.81687927246094,167.05653381347656,point_03,226.8880615234375,205.0897216796875,point_04,276.14508056640625,202.41659545898438
/mnt/FHWA_Data/WestDataChallenge/BucketsWithAction/Easy/T002_ActionsShorter_mini_3239_3347_Use-Radio-or-Gadget.mp4,140,0,FACE_0,0.9994189739227295,181.7940216064453,59.544647216796875,134.48081970214844,191.07205200195312,point_00,215.72889709472656,132.58607482910156,point_01,280.3232727050781,129.22055053710938,point_02,249.7154541015625,166.63784790039062,point_03,226.94161987304688,204.97056579589844,point_04,276.21234130859375,202.00521850585938
/mnt/FHWA_Data/WestDataChallenge/BucketsWithAction/Easy/T002_ActionsShorter_mini_3239_3347_Use-Radio-or-Gadget.mp4,141,0,FACE_0,0.99943608045578,181.56475830078125,59.57963943481445,134.58355712890625,190.34564208984375,point_00,215.43881225585938,132.58506774902344,point_01,280.03741455078125,128.79600524902344,point_02,249.69227600097656,166.27137756347656,point_03,227.2003173828125,204.8110809326172,point_04,276.3390197753906,201.47833251953125
/mnt/FHWA_Data/WestDataChallenge/BucketsWithAction/Easy/T002_ActionsShorter_mini_3239_3347_Use-Radio-or-Gadget.mp4,142,0,FACE_0,0.9994341731071472,181.777099609375,59.243621826171875,134.26486206054688,190.3964080810547,point_00,215.0634002685547,133.14483642578125,point_01,279.74188232421875,129.0028076171875,point_02,249.0953826904297,165.84426879882812,point_03,226.96112060546875,204.69187927246094,point_04,276.3505859375,201.07537841796875
/mnt/FHWA_Data/WestDataChallenge/BucketsWithAction/Easy/T002_ActionsShorter_mini_3239_3347_Use-Radio-or-Gadget.mp4,143,0,FACE_0,0.9994325041770935,181.6570281982422,59.437259674072266,134.4972381591797,190.2516326904297,point_00,215.01736450195312,133.0153350830078,point_01,279.7266540527344,129.03115844726562,point_02,248.92526245117188,165.76007080078125,point_03,226.72467041015625,204.62603759765625,point_04,276.13897705078125,201.14599609375
/mnt/FHWA_Data/WestDataChallenge/BucketsWithAction/Easy/T002_ActionsShorter_mini_3239_3347_Use-Radio-or-Gadget.mp4,144,0,FACE_0,0.9994344115257263,181.88601684570312,59.22880172729492,134.10543823242188,190.57733154296875,point_00,215.0206298828125,132.553955078125,point_01,279.650390625,128.90625,point_02,248.48236083984375,165.3360595703125,point_03,226.0674591064453,204.15048217773438,point_04,275.78057861328125,200.96636962890625
/mnt/FHWA_Data/WestDataChallenge/BucketsWithAction/Easy/T002_ActionsShorter_mini_3239_3347_Use-Radio-or-Gadget.mp4,145,0,FACE_0,0.9994557499885559,181.7173309326172,59.44538497924805,133.9375457763672,189.68255615234375,point_00,214.9683837890625,131.78091430664062,point_01,279.2611083984375,128.4354248046875,point_02,248.17396545410156,165.02273559570312,point_03,225.7425537109375,203.39796447753906,point_04,275.245849609375,200.45172119140625
/mnt/FHWA_Data/WestDataChallenge/BucketsWithAction/Easy/T002_ActionsShorter_mini_3239_3347_Use-Radio-or-Gadget.mp4,146,0,FACE_0,0.9994494318962097,181.48855590820312,59.729854583740234,133.76605224609375,188.4759521484375,point_00,214.991455078125,131.72532653808594,point_01,279.17742919921875,128.51290893554688,point_02,248.18646240234375,164.66461181640625,point_03,225.67636108398438,202.9012451171875,point_04,274.91851806640625,200.07052612304688
/mnt/FHWA_Data/WestDataChallenge/BucketsWithAction/Easy/T002_ActionsShorter_mini_3239_3347_Use-Radio-or-Gadget.mp4,147,0,FACE_0,0.9994389414787292,180.900146484375,59.088409423828125,133.35714721679688,188.04959106445312,point_00,214.90406799316406,131.20611572265625,point_01,279.0462951660156,128.32159423828125,point_02,248.43255615234375,164.411376953125,point_03,225.5885467529297,202.40626525878906,point_04,274.38104248046875,199.84811401367188
/mnt/FHWA_Data/WestDataChallenge/BucketsWithAction/Easy/T002_ActionsShorter_mini_3239_3347_Use-Radio-or-Gadget.mp4,148,0,FACE_0,0.999434769153595,180.5712432861328,59.02875518798828,133.32786560058594,187.88336181640625,point_00,215.23690795898438,130.96644592285156,point_01,279.070556640625,128.48812866210938,point_02,248.73794555664062,164.2482147216797,point_03,225.64193725585938,202.0970001220703,point_04,273.985107421875,199.87640380859375
/mnt/FHWA_Data/WestDataChallenge/BucketsWithAction/Easy/T002_ActionsShorter_mini_3239_3347_Use-Radio-or-Gadget.mp4,149,0,FACE_0,0.9994457364082336,179.93333435058594,59.29935836791992,133.63099670410156,187.60226440429688,point_00,214.25473022460938,131.16009521484375,point_01,278.2620849609375,128.27310180664062,point_02,247.83389282226562,164.06858825683594,point_03,224.97018432617188,202.0908203125,point_04,273.74365234375,199.509765625
/mnt/FHWA_Data/WestDataChallenge/BucketsWithAction/Easy/T002_ActionsShorter_mini_3239_3347_Use-Radio-or-Gadget.mp4,150,0,FACE_0,0.999439537525177,179.47171020507812,59.6444206237793,133.4129638671875,187.3283233642578,point_00,213.45907592773438,131.33322143554688,point_01,277.15093994140625,127.93051147460938,point_02,247.04539489746094,163.8863525390625,point_03,224.7296142578125,202.05355834960938,point_04,273.4586181640625,199.01315307617188
